African collared dove,Columbidae,Columbiformes,Streptopelia
African crake,Rallidae,Gruiformes,Crecopsis
African darter,Anhingidae,Suliformes,Anhinga
African skimmer,Laridae,Charadriiformes,Rynchops
African swamphen,Rallidae,Gruiformes,Porphyrio
Alpine accentor,Prunellidae,Passeriformes,Prunella
Alpine chough,Corvidae,Passeriformes,Pyrrhocorax
Alpine swift,Apodidae,Apodiformes,Tachymarptis
American golden plover,Charadriidae,Charadriiformes,Pluvialis
Arabian babbler,Leiothrichidae,Passeriformes,Argya
Arabian warbler,Sylviidae,Passeriformes,Curruca
Arctic tern,Laridae,Charadriiformes,Sterna
Arctic warbler,Phylloscopidae,Passeriformes,Phylloscopus
Armenian gull,Laridae,Charadriiformes,Larus
Ashy drongo,Dicruridae,Passeriformes,Dicrurus
Asian crimson-winged finch,Fringillidae,Passeriformes,Rhodopechys
Asian desert warbler,Sylviidae,Passeriformes,Curruca
Asian house martin,Hirundinidae,Passeriformes,Delichon
Atlantic petrel,Procellariidae,Procellariiformes,Pterodroma
Atlantic puffin,Alcidae,Charadriiformes,Fratercula
Audouin's gull,Laridae,Charadriiformes,Ichthyaetus
Baillon's crake,Rallidae,Gruiformes,Zapornia
Baird's sandpiper,Scolopacidae,Charadriiformes,Calidris
Balearic shearwater,Procellariidae,Procellariiformes,Puffinus
Bar-tailed godwit,Scolopacidae,Charadriiformes,Limosa
Bar-tailed lark,Alaudidae,Passeriformes,Ammomanes
Barn swallow,Hirundinidae,Passeriformes,Hirundo
Barnacle goose,Anatidae,Anseriformes,Branta
Barolo shearwater,Procellariidae,Procellariiformes,Puffinus
Barred warbler,Sylviidae,Passeriformes,Curruca
Basra reed warbler,Acrocephalidae,Passeriformes,Acrocephalus
Bateleur,Accipitridae,Accipitriformes,Terathopius
Bearded reedling,Panuridae,Passeriformes,Panurus
Bearded vulture,Accipitridae,Accipitriformes,Gypaetus
Bimaculated lark,Alaudidae,Passeriformes,Melanocorypha
Black-bellied sandgrouse,Pteroclidae,Columbiformes,Pterocles
Black-crowned night heron,Ardeidae,Pelecaniformes,Nycticorax
Black-crowned sparrow-lark,Alaudidae,Passeriformes,Eremopterix
Black-headed bunting,Emberizidae,Passeriformes,Emberiza
Black-headed gull,Laridae,Charadriiformes,Chroicocephalus
Black-headed heron,Ardeidae,Pelecaniformes,Ardea
Black-headed lapwing,Charadriidae,Charadriiformes,Vanellus
Black-legged kittiwake,Laridae,Charadriiformes,Rissa
,,,
Black-tailed godwit,Scolopacidae,Charadriiformes,Limosa
Black-throated accentor,Prunellidae,Passeriformes,Prunella
Black-throated thrush,Turdidae,Passeriformes,Turdus
Black-winged kite,Accipitridae,Accipitriformes,Elanus
Black-winged pratincole,Glareolidae,Charadriiformes,Glareola
Black-winged stilt,Recurvirostridae,Charadriiformes,Himantopus
Black francolin,Phasianidae,Galliformes,Francolinus
Black heron,Ardeidae,Pelecaniformes,Egretta
Black kite,Accipitridae,Accipitriformes,Milvus
Black redstart,Muscicapidae,Passeriformes,Phoenicurus
Black scrub robin,Muscicapidae,Passeriformes,Cercotrichas
Black stork,Ciconiidae,Ciconiiformes,Ciconia
Black tern,Laridae,Charadriiformes,Chlidonias
Blackstart,Muscicapidae,Passeriformes,Oenanthe
Blue-cheeked bee-eater,Meropidae,Coraciiformes,Merops
Blue rock thrush,Muscicapidae,Passeriformes,Monticola
Bluethroat,Muscicapidae,Passeriformes,Luscinia
Blyth's pipit,Motacillidae,Passeriformes,Anthus
Blyth's reed warbler,Acrocephalidae,Passeriformes,Acrocephalus
Bohemian waxwing,Bombycillidae,Passeriformes,Bombycilla
Bonelli's eagle,Accipitridae,Accipitriformes,Aquila
Booted eagle,Accipitridae,Accipitriformes,Hieraaetus
Booted warbler,Acrocephalidae,Passeriformes,Iduna
Brambling,Fringillidae,Passeriformes,Fringilla
Bridled tern,Laridae,Charadriiformes,Onychoprion
Broad-billed roller,Coraciidae,Coraciiformes,Eurystomus
Broad-billed sandpiper,Scolopacidae,Charadriiformes,Calidris
Brown-headed gull,Laridae,Charadriiformes,Chroicocephalus
Brown-necked raven,Corvidae,Passeriformes,Corvus
Brown booby,Sulidae,Suliformes,Sula
Brown fish owl,Strigidae,Strigiformes,Ketupa
Buff-bellied pipit,Motacillidae,Passeriformes,Anthus
Buff-breasted sandpiper,Scolopacidae,Charadriiformes,Calidris
Calandra lark,Alaudidae,Passeriformes,Melanocorypha
Cape teal,Anatidae,Anseriformes,Anas
Caspian gull,Laridae,Charadriiformes,Larus
Caspian plover,Charadriidae,Charadriiformes,Charadrius
Caspian tern,Laridae,Charadriiformes,Hydroprogne
Cetti's warbler,Cettiidae,Passeriformes,Cettia
Chestnut-headed sparrow-lark,Alaudidae,Passeriformes,Eremopterix
Chukar partridge,Phasianidae,Galliformes,Alectoris
Cinereous bunting,Emberizidae,Passeriformes,Emberiza
Cinereous vulture,Accipitridae,Accipitriformes,Aegypius
Citrine wagtail,Motacillidae,Passeriformes,Motacilla
Clamorous reed warbler,Acrocephalidae,Passeriformes,Acrocephalus
Coal tit,Paridae,Passeriformes,Periparus
Collared flycatcher,Muscicapidae,Passeriformes,Ficedula
Collared pratincole,Glareolidae,Charadriiformes,Glareola
Common blackbird,Turdidae,Passeriformes,Turdus
Common buzzard,Accipitridae,Accipitriformes,Buteo
Common chaffinch,Fringillidae,Passeriformes,Fringilla
Common chiffchaff,Phylloscopidae,Passeriformes,Phylloscopus
Common crane,Gruidae,Gruiformes,Grus
Common cuckoo,Cuculidae,Cuculiformes,Cuculus
Common eider,Anatidae,Anseriformes,Somateria
Common firecrest,Regulidae,Passeriformes,Regulus
Common goldeneye,Anatidae,Anseriformes,Bucephala
Common grasshopper warbler,Locustellidae,Passeriformes,Locustella
Common greenshank,Scolopacidae,Charadriiformes,Tringa
Common house martin,Hirundinidae,Passeriformes,Delichon
Common kestrel,Falconidae,Falconiformes,Falco
Common kingfisher,Alcedinidae,Coraciiformes,Alcedo
Common linnet,Fringillidae,Passeriformes,Linaria
Common merganser,Anatidae,Anseriformes,Mergus
Common moorhen,Rallidae,Gruiformes,Gallinula
Common myna,Sturnidae,Passeriformes,Acridotheres
Common nightingale,Muscicapidae,Passeriformes,Luscinia
Common pochard,Anatidae,Anseriformes,Aythya
Common quail,Phasianidae,Galliformes,Coturnix
Common redshank,Scolopacidae,Charadriiformes,Tringa
Common redstart,Muscicapidae,Passeriformes,Phoenicurus
Common reed bunting,Emberizidae,Passeriformes,Emberiza
Common ringed plover,Charadriidae,Charadriiformes,Charadrius
Common rock thrush,Muscicapidae,Passeriformes,Monticola
Common rosefinch,Fringillidae,Passeriformes,Carpodacus
Common sandpiper,Scolopacidae,Charadriiformes,Actitis
Common shelduck,Anatidae,Anseriformes,Tadorna
Common snipe,Scolopacidae,Charadriiformes,Gallinago
Common starling,Sturnidae,Passeriformes,Sturnus
Common swift,Apodidae,Apodiformes,Apus
Common tern,Laridae,Charadriiformes,Sterna
Common whitethroat,Sylviidae,Passeriformes,Curruca
Common wood pigeon,Columbidae,Columbiformes,Columba
Corn bunting,Emberizidae,Passeriformes,Emberiza
Corn crake,Rallidae,Gruiformes,Crex
Cory's shearwater,Procellariidae,Procellariiformes,Calonectris
Crab-plover,Dromadidae,Charadriiformes,Dromas
Cream-colored courser,Glareolidae,Charadriiformes,Cursorius
Crested honey buzzard,Accipitridae,Accipitriformes,Pernis
Crested lark,Alaudidae,Passeriformes,Galerida
Cretzschmar's bunting,Emberizidae,Passeriformes,Emberiza
Crowned sandgrouse,Pteroclidae,Columbiformes,Pterocles
Curlew sandpiper,Scolopacidae,Charadriiformes,Calidris
Cyprus warbler,Sylviidae,Passeriformes,Curruca
Cyprus wheatear,Muscicapidae,Passeriformes,Oenanthe
Dalmatian pelican,Pelecanidae,Pelecaniformes,Pelecanus
Dark chanting goshawk,Accipitridae,Accipitriformes,Melierax
Dead Sea sparrow,Passeridae,Passeriformes,Passer
Demoiselle crane,Gruidae,Gruiformes,Grus
Desert finch,Fringillidae,Passeriformes,Rhodospiza
Desert lark,Alaudidae,Passeriformes,Ammomanes
Desert Owl,,,
Desert wheatear,Muscicapidae,Passeriformes,Oenanthe
Diederik cuckoo,Cuculidae,Cuculiformes,Chrysococcyx
Dunlin,Scolopacidae,Charadriiformes,Calidris
Dunn's lark,Alaudidae,Passeriformes,Eremalauda
Dunnock,Prunellidae,Passeriformes,Prunella
Dusky thrush,Turdidae,Passeriformes,Turdus
Dusky warbler,Phylloscopidae,Passeriformes,Phylloscopus
Eastern black-eared wheatear,Muscicapidae,Passeriformes,Oenanthe
Eastern Bonelli's warbler,Phylloscopidae,Passeriformes,Phylloscopus
Eastern imperial eagle,Accipitridae,Accipitriformes,Aquila
Eastern olivaceous warbler,Acrocephalidae,Passeriformes,Iduna
Eastern Orphean warbler,Sylviidae,Passeriformes,Curruca
Eastern subalpine warbler,Sylviidae,Passeriformes,Curruca
Egyptian goose,Anatidae,Anseriformes,Alopochen
Egyptian nightjar,Caprimulgidae,Caprimulgiformes,Caprimulgus
Egyptian vulture,Accipitridae,Accipitriformes,Neophron
Eleonora's falcon,Falconidae,Falconiformes,Falco
Ethiopian swallow,Hirundinidae,Passeriformes,Hirundo
Eurasian bittern,Ardeidae,Pelecaniformes,Botaurus
Eurasian blackcap,Sylviidae,Passeriformes,Sylvia
Eurasian collared dove,Columbidae,Columbiformes,Streptopelia
Eurasian coot,Rallidae,Gruiformes,Fulica
Eurasian crag martin,Hirundinidae,Passeriformes,Ptyonoprogne
Eurasian curlew,Scolopacidae,Charadriiformes,Numenius
Eurasian dotterel,Charadriidae,Charadriiformes,Charadrius
Eurasian eagle-owl,Strigidae,Strigiformes,Bubo
Eurasian golden oriole,Oriolidae,Passeriformes,Oriolus
Eurasian hobby,Falconidae,Falconiformes,Falco
Eurasian hoopoe,Upupidae,Bucerotiformes,Upupa
Eurasian jay,Corvidae,Passeriformes,Garrulus
Eurasian oystercatcher,Haematopodidae,Charadriiformes,Haematopus
Eurasian penduline tit,Remizidae,Passeriformes,Remiz
Eurasian reed warbler,Acrocephalidae,Passeriformes,Acrocephalus
Eurasian scops owl,Strigidae,Strigiformes,Otus
Eurasian siskin,Fringillidae,Passeriformes,Spinus
Eurasian skylark,Alaudidae,Passeriformes,Alauda
Eurasian sparrowhawk,Accipitridae,Accipitriformes,Accipiter
Eurasian spoonbill,Threskiornithidae,Pelecaniformes,Platalea
Eurasian stone-curlew,Burhinidae,Charadriiformes,Burhinus
Eurasian teal,Anatidae,Anseriformes,Anas
Eurasian tree sparrow,Passeridae,Passeriformes,Passer
Eurasian wigeon,Anatidae,Anseriformes,Mareca
Eurasian woodcock,Scolopacidae,Charadriiformes,Scolopax
Eurasian wren,Troglodytidae,Passeriformes,Troglodytes
Eurasian wryneck,Picidae,Piciformes,Jynx
European bee-eater,Meropidae,Coraciiformes,Merops
European golden plover,Charadriidae,Charadriiformes,Pluvialis
European goldfinch,Fringillidae,Passeriformes,Carduelis
European greenfinch,Fringillidae,Passeriformes,Chloris
European herring gull,Laridae,Charadriiformes,Larus
European honey buzzard,Accipitridae,Accipitriformes,Pernis
European nightjar,Caprimulgidae,Caprimulgiformes,Caprimulgus
European pied flycatcher,Muscicapidae,Passeriformes,Ficedula
European robin,Muscicapidae,Passeriformes,Erithacus
European roller,Coraciidae,Coraciiformes,Coracias
European serin,Fringillidae,Passeriformes,Serinus
European shag,Phalacrocoracidae,Suliformes,Phalacrocorax
European stonechat,Muscicapidae,Passeriformes,Saxicola
European storm petrel,Hydrobatidae,Procellariiformes,Hydrobates
European turtle dove,Columbidae,Columbiformes,Streptopelia
Eversmann's redstart,Muscicapidae,Passeriformes,Phoenicurus
Eyebrowed thrush,Turdidae,Passeriformes,Turdus
Fan-tailed raven,Corvidae,Passeriformes,Corvus
Fea's petrel,Procellariidae,Procellariiformes,Pterodroma
Ferruginous duck,Anatidae,Anseriformes,Aythya
Fieldfare,Turdidae,Passeriformes,Turdus
Finsch's wheatear,Muscicapidae,Passeriformes,Oenanthe
Flesh-footed shearwater,Procellariidae,Procellariiformes,Ardenna
Franklin's gull,Laridae,Charadriiformes,Leucophaeus
Gadwall,Anatidae,Anseriformes,Mareca
Garden warbler,Sylviidae,Passeriformes,Sylvia
Garganey,Anatidae,Anseriformes,Spatula
Glaucous gull,Laridae,Charadriiformes,Larus
Glossy ibis,Threskiornithidae,Pelecaniformes,Plegadis
Goldcrest,Regulidae,Passeriformes,Regulus
Golden eagle,Accipitridae,Accipitriformes,Aquila
Goliath heron,Ardeidae,Pelecaniformes,Ardea
Graceful prinia,Cisticolidae,Passeriformes,Prinia
Great black-backed gull,Laridae,Charadriiformes,Larus
Great bustard,Otididae,Otidiformes,Otis
Great cormorant,Phalacrocoracidae,Suliformes,Phalacrocorax
,,,
Great egret,Ardeidae,Pelecaniformes,Ardea
Great grey shrike,Laniidae,Passeriformes,Lanius
Great knot,Scolopacidae,Charadriiformes,Calidris
Great reed warbler,Acrocephalidae,Passeriformes,Acrocephalus
Great shearwater,Procellariidae,Procellariiformes,Ardenna
Great skua,Stercorariidae,Charadriiformes,Stercorarius
Great snipe,Scolopacidae,Charadriiformes,Gallinago
Great spotted cuckoo,Cuculidae,Cuculiformes,Clamator
Great tit,Paridae,Passeriformes,Parus
Great white pelican,Pelecanidae,Pelecaniformes,Pelecanus
Greater crested tern,Laridae,Charadriiformes,Thalasseus
Greater flamingo,Phoenicopteridae,Phoenicopteriformes,Phoenicopterus
Greater hoopoe-lark,Alaudidae,Passeriformes,Alaemon
Greater painted-snipe,Rostratulidae,Charadriiformes,Rostratula
Greater sand plover,Charadriidae,Charadriiformes,Charadrius
Greater scaup,Anatidae,Anseriformes,Aythya
Greater short-toed lark,Alaudidae,Passeriformes,Calandrella
Greater spotted eagle,Accipitridae,Accipitriformes,Clanga
Greater white-fronted goose,Anatidae,Anseriformes,Anser
Green bee-eater,Meropidae,Coraciiformes,Merops
Green sandpiper,Scolopacidae,Charadriiformes,Tringa
Green warbler,Phylloscopidae,Passeriformes,Phylloscopus
Grey-headed gull,Laridae,Charadriiformes,Chroicocephalus
Grey heron,Ardeidae,Pelecaniformes,Ardea
Grey hypocolius,Hypocoliidae,Passeriformes,Hypocolius
Grey plover,Charadriidae,Charadriiformes,Pluvialis
Grey wagtail,Motacillidae,Passeriformes,Motacilla
Greylag goose,Anatidae,Anseriformes,Anser
Griffon vulture,Accipitridae,Accipitriformes,Gyps
Gull-Billed Tern,,,
Hawfinch,Fringillidae,Passeriformes,Coccothraustes
Hen harrier,Accipitridae,Accipitriformes,Circus
Hooded crow,Corvidae,Passeriformes,Corvus
Hooded wheatear,Muscicapidae,Passeriformes,Oenanthe
Horned lark,Alaudidae,Passeriformes,Eremophila
House crow,Corvidae,Passeriformes,Corvus
House sparrow,Passeridae,Passeriformes,Passer
Hume's leaf warbler,Phylloscopidae,Passeriformes,Phylloscopus
Hume's short-toed lark,Alaudidae,Passeriformes,Calandrella
Icterine warbler,Acrocephalidae,Passeriformes,Hippolais
Indian silverbill,Estrildidae,Passeriformes,Euodice
Intermediate egret,Ardeidae,Pelecaniformes,Ardea
Isabelline shrike,Laniidae,Passeriformes,Lanius
Isabelline wheatear,Muscicapidae,Passeriformes,Oenanthe
Jack snipe,Scolopacidae,Charadriiformes,Lymnocryptes
Kentish plover,Charadriidae,Charadriiformes,Charadrius
Kittlitz's plover,Charadriidae,Charadriiformes,Charadrius
Kurdish wheatear,Muscicapidae,Passeriformes,Oenanthe
Lanner falcon,Falconidae,Falconiformes,Falco
Lappet-faced vulture,Accipitridae,Accipitriformes,Torgos
Laughing dove,Columbidae,Columbiformes,Spilopelia
Leach's storm petrel,Hydrobatidae,Procellariiformes,Oceanodroma
Lesser black-backed gull,Laridae,Charadriiformes,Larus
Lesser crested tern,Laridae,Charadriiformes,Thalasseus
Lesser flamingo,Phoenicopteridae,Phoenicopteriformes,Phoeniconaias
Lesser frigatebird,Fregatidae,Suliformes,Fregata
Lesser grey shrike,Laniidae,Passeriformes,Lanius
Lesser kestrel,Falconidae,Falconiformes,Falco
Lesser sand plover,Charadriidae,Charadriiformes,Charadrius
Lesser short-toed lark,Alaudidae,Passeriformes,Alaudala
Lesser spotted eagle,Accipitridae,Accipitriformes,Clanga
Lesser whistling duck,Anatidae,Anseriformes,Dendrocygna
Lesser white-fronted goose,Anatidae,Anseriformes,Anser
Lesser whitethroat,Sylviidae,Passeriformes,Curruca
Lesser yellowlegs,Scolopacidae,Charadriiformes,Tringa
Levant sparrowhawk,Accipitridae,Accipitriformes,Accipiter
Lichtenstein's sandgrouse,Pteroclidae,Columbiformes,Pterocles
Little bittern,Ardeidae,Pelecaniformes,Ixobrychus
Little bunting,Emberizidae,Passeriformes,Emberiza
Little bustard,Otididae,Otidiformes,Tetrax
Little crake,Rallidae,Gruiformes,Zapornia
Little egret,Ardeidae,Pelecaniformes,Egretta
,,,
Little gull,Laridae,Charadriiformes,Hydrocoloeus
Little owl,Strigidae,Strigiformes,Athene
Little ringed plover,Charadriidae,Charadriiformes,Charadrius
Little stint,Scolopacidae,Charadriiformes,Calidris
Little swift,Apodidae,Apodiformes,Apus
Little tern,Laridae,Charadriiformes,Sternula
Long-billed dowitcher,Scolopacidae,Charadriiformes,Limnodromus
Long-billed pipit,Motacillidae,Passeriformes,Anthus
Long-eared owl,Strigidae,Strigiformes,Asio
Long-legged buzzard,Accipitridae,Accipitriformes,Buteo
Long-tailed duck,Anatidae,Anseriformes,Clangula
Long-tailed jaeger,Stercorariidae,Charadriiformes,Stercorarius
Long-tailed shrike,Laniidae,Passeriformes,Lanius
Long-toed stint,Scolopacidae,Charadriiformes,Calidris
MacQueen's bustard,Otididae,Otidiformes,Chlamydotis
Band-rumped storm petrel,Hydrobatidae,Procellariiformes,Oceanodroma
Mallard,Anatidae,Anseriformes,Anas
Manx shearwater,Procellariidae,Procellariiformes,Puffinus
Marabou stork,Ciconiidae,Ciconiiformes,Leptoptilos
Marbled duck,Anatidae,Anseriformes,Marmaronetta
Marsh sandpiper,Scolopacidae,Charadriiformes,Tringa
Marsh warbler,Acrocephalidae,Passeriformes,Acrocephalus
Masked booby,Sulidae,Suliformes,Sula
Masked shrike,Laniidae,Passeriformes,Lanius
Meadow pipit,Motacillidae,Passeriformes,Anthus
Mediterranean gull,Laridae,Charadriiformes,Ichthyaetus
Merlin,,,
Common gull,Laridae,Charadriiformes,Larus
Mistle thrush,Turdidae,Passeriformes,Turdus
Monk parakeet,Psittacidae,Psittaciformes,Myiopsitta
Montagu's harrier,Accipitridae,Accipitriformes,Circus
Mountain chiffchaff,Phylloscopidae,Passeriformes,Phylloscopus
Mourning wheatear,Muscicapidae,Passeriformes,Oenanthe
Moustached warbler,Acrocephalidae,Passeriformes,Acrocephalus
Mute swan,Anatidae,Anseriformes,Cygnus
Bad title,,,
Namaqua dove,Columbidae,Columbiformes,Oena
Nanday parakeet,Psittacidae,Psittaciformes,Aratinga
Northern bald ibis,Threskiornithidae,Pelecaniformes,Geronticus
Northern gannet,Sulidae,Suliformes,Morus
Northern goshawk,Accipitridae,Accipitriformes,Accipiter
Northern lapwing,Charadriidae,Charadriiformes,Vanellus
Northern pintail,Anatidae,Anseriformes,Anas
Common raven,Corvidae,Passeriformes,Corvus
Northern shoveler,Anatidae,Anseriformes,Spatula
Northern wheatear,Muscicapidae,Passeriformes,Oenanthe
Nubian nightjar,Caprimulgidae,Caprimulgiformes,Caprimulgus
Olive-backed pipit,Motacillidae,Passeriformes,Anthus
Olive-tree warbler,Acrocephalidae,Passeriformes,Hippolais
Oriental cuckoo,Cuculidae,Cuculiformes,Cuculus
Oriental pratincole,Glareolidae,Charadriiformes,Glareola
Oriental reed warbler,Acrocephalidae,Passeriformes,Acrocephalus
Oriental skylark,Alaudidae,Passeriformes,Alauda
Oriental turtle dove,Columbidae,Columbiformes,Streptopelia
Ortolan bunting,Emberizidae,Passeriformes,Emberiza
Over-Summering,,,
Pacific golden plover,Charadriidae,Charadriiformes,Pluvialis
Paddyfield warbler,Acrocephalidae,Passeriformes,Acrocephalus
Pale crag martin,Hirundinidae,Passeriformes,Ptyonoprogne
Pale rockfinch,Passeridae,Passeriformes,Carpospiza
Palestine sunbird,Nectariniidae,Passeriformes,Cinnyris
Pallas's grasshopper warbler,Locustellidae,Passeriformes,Helopsaltes
Pallas's gull,Laridae,Charadriiformes,Ichthyaetus
Pallas's leaf warbler,Phylloscopidae,Passeriformes,Phylloscopus
Pallid harrier,Accipitridae,Accipitriformes,Circus
Pallid scops owl,Strigidae,Strigiformes,Otus
Pallid swift,Apodidae,Apodiformes,Apus
Parasitic jaeger,Stercorariidae,Charadriiformes,Stercorarius
Passage Migrant,,,
Pectoral sandpiper,Scolopacidae,Charadriiformes,Calidris
Peregrine falcon,Falconidae,Falconiformes,Falco
Persian shearwater,Procellariidae,Procellariiformes,Puffinus
Pharaoh eagle-owl,Strigidae,Strigiformes,Bubo
Pied avocet,Recurvirostridae,Charadriiformes,Recurvirostra
Pied bush chat,Muscicapidae,Passeriformes,Saxicola
Pied kingfisher,Alcedinidae,Coraciiformes,Ceryle
Pied wheatear,Muscicapidae,Passeriformes,Oenanthe
Pin-tailed sandgrouse,Pteroclidae,Columbiformes,Pterocles
Pin-tailed snipe,Scolopacidae,Charadriiformes,Gallinago
Pine bunting,Emberizidae,Passeriformes,Emberiza
Pink-backed pelican,Pelecanidae,Pelecaniformes,Pelecanus
Plain martin,,,
Pomarine jaeger,Stercorariidae,Charadriiformes,Stercorarius
Purple heron,Ardeidae,Pelecaniformes,Ardea
Pygmy cormorant,Phalacrocoracidae,Suliformes,Microcarbo
Radde's accentor,Prunellidae,Passeriformes,Prunella
Radde's warbler,Phylloscopidae,Passeriformes,Phylloscopus
Red-Fronted Serin,,,
Red-backed shrike,Laniidae,Passeriformes,Lanius
Red-billed chough,Corvidae,Passeriformes,Pyrrhocorax
Red-billed teal,Anatidae,Anseriformes,Anas
Red-billed tropicbird,Phaethontidae,Phaethontiformes,Phaethon
Red-breasted flycatcher,Muscicapidae,Passeriformes,Ficedula
Red-breasted goose,Anatidae,Anseriformes,Branta
Red-breasted merganser,Anatidae,Anseriformes,Mergus
Red-crested pochard,Anatidae,Anseriformes,Netta
Red-flanked bluetail,Muscicapidae,Passeriformes,Tarsiger
Red-footed falcon,Falconidae,Falconiformes,Falco
Red-headed bunting,Emberizidae,Passeriformes,Emberiza
,,,
Red-necked phalarope,Scolopacidae,Charadriiformes,Phalaropus
Red-necked stint,Scolopacidae,Charadriiformes,Calidris
Red-rumped swallow,Hirundinidae,Passeriformes,Cecropis
Red-rumped wheatear,Muscicapidae,Passeriformes,Oenanthe
Red-tailed shrike,Laniidae,Passeriformes,Lanius
Red-tailed wheatear,Muscicapidae,Passeriformes,Oenanthe
Red-throated pipit,Motacillidae,Passeriformes,Anthus
Red-wattled lapwing,Charadriidae,Charadriiformes,Vanellus
Red crossbill,Fringillidae,Passeriformes,Loxia
Red kite,Accipitridae,Accipitriformes,Milvus
Red knot,Scolopacidae,Charadriiformes,Calidris
Red phalarope,Scolopacidae,Charadriiformes,Phalaropus
Redwing,Turdidae,Passeriformes,Turdus
Richard's pipit,Motacillidae,Passeriformes,Anthus
Ring ouzel,Turdidae,Passeriformes,Turdus
River warbler,Locustellidae,Passeriformes,Locustella
Rock bunting,Emberizidae,Passeriformes,Emberiza
Rock dove,Columbidae,Columbiformes,Columba
Rock sparrow,Passeridae,Passeriformes,Petronia
Rook,,,
Rose-ringed parakeet,Psittaculidae,Psittaciformes,Psittacula
Roseate tern,Laridae,Charadriiformes,Sterna
Rosy starling,Sturnidae,Passeriformes,Pastor
Rough-legged buzzard,Accipitridae,Accipitriformes,Buteo
Ruddy shelduck,Anatidae,Anseriformes,Tadorna
Ruddy turnstone,Scolopacidae,Charadriiformes,Arenaria
Ruff,,,
Rufous-tailed scrub robin,Muscicapidae,Passeriformes,Cercotrichas
Rustic bunting,Emberizidae,Passeriformes,Emberiza
Bad title,,,
Bad title,,,
Sabine's gull,Laridae,Charadriiformes,Xema
Saker falcon,Falconidae,Falconiformes,Falco
Sand martin,Hirundinidae,Passeriformes,Riparia
Sand partridge,Phasianidae,Galliformes,Ammoperdix
Sanderling,Scolopacidae,Charadriiformes,Calidris
Sandwich tern,Laridae,Charadriiformes,Thalasseus
Sardinian warbler,Sylviidae,Passeriformes,Curruca
Savi's warbler,Locustellidae,Passeriformes,Locustella
Scopoli's shearwater,Procellariidae,Procellariiformes,Calonectris
Sedge warbler,Acrocephalidae,Passeriformes,Acrocephalus
Semicollared flycatcher,Muscicapidae,Passeriformes,Ficedula
Semipalmated sandpiper,Scolopacidae,Charadriiformes,Calidris
Senegal thick-knee,Burhinidae,Charadriiformes,Burhinus
Shikra,Accipitridae,Accipitriformes,Accipiter
Short-eared owl,Strigidae,Strigiformes,Asio
Short-toed snake eagle,Accipitridae,Accipitriformes,Circaetus
,,,
Siberian stonechat,Muscicapidae,Passeriformes,Saxicola
Sinai rosefinch,Fringillidae,Passeriformes,Carpodacus
Slender-billed curlew,Scolopacidae,Charadriiformes,Numenius
Slender-billed gull,Laridae,Charadriiformes,Chroicocephalus
Smew,Anatidae,Anseriformes,Mergellus
Snow bunting,Calcariidae,Passeriformes,Plectrophenax
Sociable lapwing,Charadriidae,Charadriiformes,Vanellus
Soft-plumaged petrel,Procellariidae,Procellariiformes,Pterodroma
Sombre tit,Paridae,Passeriformes,Poecile
Song thrush,Turdidae,Passeriformes,Turdus
Sooty falcon,Falconidae,Falconiformes,Falco
Sooty gull,Laridae,Charadriiformes,Ichthyaetus
Sooty shearwater,Procellariidae,Procellariiformes,Ardenna
Sooty tern,Laridae,Charadriiformes,Onychoprion
South polar skua,Stercorariidae,Charadriiformes,Stercorarius
Southern pochard,Anatidae,Anseriformes,Netta
Spanish sparrow,Passeridae,Passeriformes,Passer
Spectacled warbler,Sylviidae,Passeriformes,Curruca
Spotted crake,Rallidae,Gruiformes,Porzana
Spotted flycatcher,Muscicapidae,Passeriformes,Muscicapa
Spotted redshank,Scolopacidae,Charadriiformes,Tringa
Spotted sandgrouse,Pteroclidae,Columbiformes,Pterocles
Spur-winged lapwing,Charadriidae,Charadriiformes,Vanellus
Squacco heron,Ardeidae,Pelecaniformes,Ardeola
Steppe eagle,Accipitridae,Accipitriformes,Aquila
Stock dove,Columbidae,Columbiformes,Columba
Streaked scrub warbler,Scotocercidae,Passeriformes,Scotocerca
Streaked shearwater,Procellariidae,Procellariiformes,Calonectris
Striated heron,Ardeidae,Pelecaniformes,Butorides
Striolated bunting,Emberizidae,Passeriformes,Emberiza
Summer Breeding,,,
Summer Visitor,,,
Swinhoe's storm petrel,Hydrobatidae,Procellariiformes,Oceanodroma
Sykes's warbler,Acrocephalidae,Passeriformes,Iduna
Syrian serin,Fringillidae,Passeriformes,Serinus
Syrian woodpecker,Picidae,Piciformes,Dendrocopos
Taiga bean goose,Anatidae,Anseriformes,Anser
Tawny eagle,Accipitridae,Accipitriformes,Aquila
Tawny owl,Strigidae,Strigiformes,Strix
Tawny pipit,Motacillidae,Passeriformes,Anthus
Temminck's lark,Alaudidae,Passeriformes,Eremophila
Temminck's stint,Scolopacidae,Charadriiformes,Calidris
Terek sandpiper,Scolopacidae,Charadriiformes,Xenus
Thick-billed lark,Alaudidae,Passeriformes,Ramphocoris
Three-banded plover,Charadriidae,Charadriiformes,Charadrius
Thrush nightingale,Muscicapidae,Passeriformes,Luscinia
Tree pipit,Motacillidae,Passeriformes,Anthus
Tristram's starling,Sturnidae,Passeriformes,Onychognathus
Tropical shearwater,Procellariidae,Procellariiformes,Puffinus
Trumpeter finch,Fringillidae,Passeriformes,Bucanetes
Tufted duck,Anatidae,Anseriformes,Aythya
Tundra swan,Anatidae,Anseriformes,Cygnus
Upcher's warbler,Acrocephalidae,Passeriformes,Hippolais
Velvet scoter,Anatidae,Anseriformes,Melanitta
Verreaux's eagle,Accipitridae,Accipitriformes,Aquila
Vinous-breasted starling,Sturnidae,Passeriformes,Acridotheres
Wallcreeper,Tichodromidae,Passeriformes,Tichodroma
Water pipit,Motacillidae,Passeriformes,Anthus
Water rail,Rallidae,Gruiformes,Rallus
Western barn owl,Tytonidae,Strigiformes,Tyto
Western cattle egret,Ardeidae,Pelecaniformes,Bubulcus
Western jackdaw,Corvidae,Passeriformes,Coloeus
Western marsh harrier,Accipitridae,Accipitriformes,Circus
Osprey,Pandionidae,Accipitriformes,Pandion
Western reef heron,Ardeidae,Pelecaniformes,Egretta
Western rock nuthatch,Sittidae,Passeriformes,Sitta
Western yellow wagtail,Motacillidae,Passeriformes,Motacilla
Whimbrel,,,
Whinchat,Muscicapidae,Passeriformes,Saxicola
Whiskered tern,Laridae,Charadriiformes,Chlidonias
White-cheeked tern,Laridae,Charadriiformes,Sterna
White-crowned wheatear,Muscicapidae,Passeriformes,Oenanthe
White-eyed gull,Laridae,Charadriiformes,Ichthyaetus
White-headed duck,Anatidae,Anseriformes,Oxyura
White-rumped sandpiper,Scolopacidae,Charadriiformes,Calidris
White-spectacled bulbul,Pycnonotidae,Passeriformes,Pycnonotus
White-tailed eagle,Accipitridae,Accipitriformes,Haliaeetus
White-tailed lapwing,Charadriidae,Charadriiformes,Vanellus
White-throated bee-eater,Meropidae,Coraciiformes,Merops
White-throated kingfisher,Alcedinidae,Coraciiformes,Halcyon
White-throated robin,Muscicapidae,Passeriformes,Irania
White-winged tern,Laridae,Charadriiformes,Chlidonias
White stork,Ciconiidae,Ciconiiformes,Ciconia
White wagtail,Motacillidae,Passeriformes,Motacilla
Whooper swan,Anatidae,Anseriformes,Cygnus
Willow warbler,Phylloscopidae,Passeriformes,Phylloscopus
Wilson's storm petrel,Oceanitidae,Procellariiformes,Oceanites
Winter Visitor,,,
Wood sandpiper,Scolopacidae,Charadriiformes,Tringa
Wood warbler,Phylloscopidae,Passeriformes,Phylloscopus
Woodchat shrike,Laniidae,Passeriformes,Lanius
Woodlark,Alaudidae,Passeriformes,Lullula
Yelkouan shearwater,Procellariidae,Procellariiformes,Puffinus
Yellow-Billed Kite,,,
Yellow-billed stork,Ciconiidae,Ciconiiformes,Mycteria
Yellow-breasted bunting,Emberizidae,Passeriformes,Emberiza
Yellow-browed warbler,Phylloscopidae,Passeriformes,Phylloscopus
Yellow-legged gull,Laridae,Charadriiformes,Larus
Yellow-throated sparrow,Passeridae,Passeriformes,Gymnoris
Yellowhammer,Emberizidae,Passeriformes,Emberiza
Zitting cisticola,Cisticolidae,Passeriformes,Cisticola
